{"cameraMode":{"drawMode":0,"name":"Shaded","section":"Shading Mode"},"sceneLighting":true,"audioPlay":false,"sceneViewState":{"showFog":true,"showMaterialUpdate":false,"showSkybox":true,"showFlares":true,"showImageEffects":true,"showParticleSystems":true},"in2DMode":false,"pivot":{"x":594.410888671875,"y":548.6932373046875,"z":168.3388671875},"rotation":{"x":-0.061749380081892017,"y":0.026044698432087899,"z":-0.0016117875929921866,"w":-0.9977512359619141},"size":3555.8193359375,"orthographic":false}