{"cameraMode":{"drawMode":0,"name":"Shaded","section":"Shading Mode"},"sceneLighting":true,"audioPlay":false,"sceneViewState":{"showFog":true,"showMaterialUpdate":false,"showSkybox":true,"showFlares":true,"showImageEffects":true,"showParticleSystems":true},"in2DMode":false,"pivot":{"x":-0.32885754108428957,"y":-4.136907577514648,"z":56.17969512939453},"rotation":{"x":-0.20866519212722779,"y":0.029918666929006578,"z":-0.0063865515403449539,"w":-0.9775090217590332},"size":27.233322143554689,"orthographic":false}